<?xml version="1.0"?>
<!--<!DOCTYPE metadata SYSTEM "http://www.esri.com/metadata/esriprof80.dtd">-->
<metadata xml:lang="en"><Esri><CreaDate>20110319</CreaDate><CreaTime>16251500</CreaTime><SyncOnce>TRUE</SyncOnce><MetaID>{4F52CB31-C501-491A-921A-5BDFD7C9E3CE}</MetaID></Esri><idinfo><citation><citeinfo><onlink Sync="TRUE">\\ENVPG170\Users\umz08muu\Documents\Conferences, Posters &amp; Papers\MSc Paper\Software Temp\Software Submission (Free Data)\Snowdonia Height Example\Panorama Vector SH 64 subset</onlink></citeinfo></citation></idinfo><distInfo><distributor><distorTran><onLineSrc><linkage Sync="TRUE">file://\\ENVPG170\Users\umz08muu\Documents\Conferences, Posters &amp; Papers\MSc Paper\Software Temp\Software Submission (Free Data)\Snowdonia Height Example\Panorama Vector SH 64 subset</linkage><protocol Sync="TRUE">Local Area Network</protocol></onLineSrc></distorTran></distributor></distInfo><dataqual><lineage><procstep><procdesc Sync="TRUE">Dataset copied.</procdesc><srcused Sync="TRUE">C:\Users\umz08muu\Documents\Conferences, Posters &amp; Papers\MSc Paper\Software Temp\Panorama Vector SH\Panorama Vector SH 64 subset</srcused><procdate Sync="TRUE">20110319</procdate><proctime Sync="TRUE">16251500</proctime></procstep></lineage></dataqual></metadata>
