<?xml version="1.0"?>
<!--<!DOCTYPE metadata SYSTEM "http://www.esri.com/metadata/esriprof80.dtd">-->
<metadata xml:lang="en"><Esri><CreaDate>20080904</CreaDate><CreaTime>16562700</CreaTime><SyncOnce>TRUE</SyncOnce><DataProperties><lineage><Process Name="ASCIIToRaster_3" ToolSource="C:\Program Files\ArcGIS\ArcToolbox\Toolboxes\Conversion Tools.tbx\ASCIIToRaster" Date="20080801" Time="150835">ASCIIToRaster "C:\My Documents\Academic\MSc GIS\GY7029 Thesis\Software\Landsat Image\supervised classification\bayclu.asc" "C:\My Documents\Academic\MSc GIS\GY7029 Thesis\Software\Landsat Image\supervised classification\ASCIITo_bayc2" FLOAT</Process></lineage></DataProperties><MetaID>{92082FC3-5F0F-4C4F-9ACF-8829B9D8A58F}</MetaID></Esri><idinfo><citation><citeinfo><onlink Sync="TRUE">\\ENVPG170\C$\Users\umz08muu\Documents\MSc Paper\Program\Cornwall Classification\corn_un</onlink></citeinfo></citation></idinfo><distInfo><distributor><distorTran><onLineSrc><linkage Sync="TRUE">file://\\ENVPG170\C$\Users\umz08muu\Documents\MSc Paper\Program\Cornwall Classification\corn_un</linkage><protocol Sync="TRUE">Local Area Network</protocol></onLineSrc></distorTran></distributor></distInfo><dataqual><lineage><procstep><procdesc Sync="TRUE">Dataset copied.</procdesc><srcused Sync="TRUE">C:\My Documents\Academic\MSc GIS\GY7029 Thesis\Working Folder\Landsat Image\supervised classification\asciito_bayc2</srcused><date Sync="TRUE">20080904</date><time Sync="TRUE">16562700</time></procstep><procstep><procdesc Sync="TRUE">Dataset moved.</procdesc><srcused Sync="TRUE">C:\Users\umz08muu\Documents\MSc Paper\Program\corn_un</srcused><procdate Sync="TRUE">20090810</procdate><proctime Sync="TRUE">12362100</proctime></procstep></lineage></dataqual></metadata>
