<?xml version="1.0"?>
<!--<!DOCTYPE metadata SYSTEM "http://www.esri.com/metadata/esriprof80.dtd">-->
<metadata xml:lang="en"><Esri><CreaDate>20110319</CreaDate><CreaTime>16253300</CreaTime><SyncOnce>TRUE</SyncOnce><DataProperties><lineage><Process ToolSource="C:\Program Files\ArcGIS\ArcToolbox\Toolboxes\Conversion Tools.tbx\ASCIIToRaster" Date="20110319" Time="161812">ASCIIToRaster "C:\Users\umz08muu\Documents\Conferences, Posters &amp; Papers\MSc Paper\Software Temp\Panorama DTM SH grid\sh64.asc" "C:\Users\umz08muu\Documents\Conferences, Posters &amp; Papers\MSc Paper\Software Temp\Panorama DTM SH grid\ASCIITo_sh641" FLOAT</Process></lineage></DataProperties><MetaID>{2A4D381C-8C4D-4882-B43D-9F022CEC998F}</MetaID></Esri><idinfo><citation><citeinfo><onlink Sync="TRUE">\\ENVPG170\Users\umz08muu\Documents\Conferences, Posters &amp; Papers\MSc Paper\Software Temp\Software Submission (Free Data)\Snowdonia Height Example\asciito_sh641</onlink></citeinfo></citation></idinfo><distInfo><distributor><distorTran><onLineSrc><linkage Sync="TRUE">file://\\ENVPG170\Users\umz08muu\Documents\Conferences, Posters &amp; Papers\MSc Paper\Software Temp\Software Submission (Free Data)\Snowdonia Height Example\asciito_sh641</linkage><protocol Sync="TRUE">Local Area Network</protocol></onLineSrc></distorTran></distributor></distInfo><dataqual><lineage><procstep><procdesc Sync="TRUE">Dataset copied.</procdesc><srcused Sync="TRUE">C:\Users\umz08muu\Documents\Conferences, Posters &amp; Papers\MSc Paper\Software Temp\Panorama DTM SH grid\asciito_sh641</srcused><procdate Sync="TRUE">20110319</procdate><proctime Sync="TRUE">16253300</proctime></procstep></lineage></dataqual></metadata>
