<?xml version="1.0"?>
<!--<!DOCTYPE metadata SYSTEM "http://www.esri.com/metadata/esriprof80.dtd">-->
<metadata xml:lang="en"><Esri><CreaDate>20080904</CreaDate><CreaTime>16541400</CreaTime><SyncOnce>TRUE</SyncOnce><DataProperties><lineage><Process Name="ASCIIToRaster_1" ToolSource="C:\Program Files\ArcGIS\ArcToolbox\Toolboxes\Conversion Tools.tbx\ASCIIToRaster" Date="20080801" Time="144858">ASCIIToRaster "C:\My Documents\Academic\MSc GIS\GY7029 Thesis\Software\Landsat Image\supervised classification\maxlike.asc" "C:\My Documents\Academic\MSc GIS\GY7029 Thesis\Software\Landsat Image\supervised classification\ASCIITo_maxl1" INTEGER</Process></lineage></DataProperties><MetaID>{1D629770-A260-49DF-8F28-4BF380B16D01}</MetaID></Esri><idinfo><citation><citeinfo><onlink Sync="TRUE">\\ENVPG170\C$\Users\umz08muu\Documents\MSc Paper\Program\Cornwall Classification\corn_class</onlink></citeinfo></citation></idinfo><distInfo><distributor><distorTran><onLineSrc><linkage Sync="TRUE">file://\\ENVPG170\C$\Users\umz08muu\Documents\MSc Paper\Program\Cornwall Classification\corn_class</linkage><protocol Sync="TRUE">Local Area Network</protocol></onLineSrc></distorTran></distributor></distInfo><dataqual><lineage><procstep><procdesc Sync="TRUE">Dataset copied.</procdesc><srcused Sync="TRUE">C:\My Documents\Academic\MSc GIS\GY7029 Thesis\Working Folder\Landsat Image\supervised classification\asciito_maxl1</srcused><date Sync="TRUE">20080904</date><time Sync="TRUE">16541500</time></procstep><procstep><procdesc Sync="TRUE">Dataset moved.</procdesc><srcused Sync="TRUE">C:\Users\umz08muu\Documents\MSc Paper\Program\corn_class</srcused><procdate Sync="TRUE">20090810</procdate><proctime Sync="TRUE">12302400</proctime></procstep></lineage></dataqual></metadata>
